"HITId","HITTypeId","Title","Description","Keywords","Reward","CreationTime","MaxAssignments","RequesterAnnotation","AssignmentDurationInSeconds","AutoApprovalDelayInSeconds","Expiration","NumberOfSimilarHITs","LifetimeInSeconds","AssignmentId","WorkerId","AssignmentStatus","AcceptTime","SubmitTime","AutoApprovalTime","ApprovalTime","RejectionTime","RequesterFeedback","WorkTimeInSeconds","LifetimeApprovalRate","Last30DaysApprovalRate","Last7DaysApprovalRate","Input.slot0","Answer.TalkMore","Answer.comments","Answer.negative","Answer.positive","Answer.rhetorical","Approve","Reject"
"3ICOHX7ENCWKY31VT75ARC0O8KO0E5","3FSCUW4D3155ZMY8XWDGAF3EBF2SSB","Create Interesting Dialogue","Produce utterances that dive into a topic in different ways","dialog, conversational agents, movies, books,arts,entertainment,fashion,politics,sports","$0.25","Wed May 10 20:34:02 PDT 2017","3","BatchId:2798842;OriginalHitTemplateId:920937336;","3600","1296000","Wed May 17 20:34:02 PDT 2017","","","345LHZDEDYE0QBV8SW70LCGKILGU3S","A1R3MNDWBBDZ6L","Approved","Thu May 11 08:19:14 PDT 2017","Thu May 11 08:27:49 PDT 2017","Fri May 26 08:27:49 PDT 2017","Thu May 11 22:09:24 PDT 2017","","","515","100% (169/169)","100% (169/169)","100% (44/44)","I really enjoyed the latest ""Star Wars"" movie.","I did too! Who was your favorite character in it?","no","Eh, it's just derivative of Star Trek. No thanks.","I love Star Wars! They shaped my childhood.","Who doesn't love an epic space opera?"
"3ICOHX7ENCWKY31VT75ARC0O8KO0E5","3FSCUW4D3155ZMY8XWDGAF3EBF2SSB","Create Interesting Dialogue","Produce utterances that dive into a topic in different ways","dialog, conversational agents, movies, books,arts,entertainment,fashion,politics,sports","$0.25","Wed May 10 20:34:02 PDT 2017","3","BatchId:2798842;OriginalHitTemplateId:920937336;","3600","1296000","Wed May 17 20:34:02 PDT 2017","","","3M23Y66PO3TJ8HQMMTAYDEAG7DTS68","A1PZNJFHCYYNA6","Approved","Wed May 10 20:50:14 PDT 2017","Wed May 10 20:56:46 PDT 2017","Thu May 25 20:56:46 PDT 2017","Thu May 11 22:09:24 PDT 2017","","","392","100% (3/3)","100% (3/3)","0% (0/0)","I really enjoyed the latest ""Star Wars"" movie.","Oh, wow. I haven't seen it yet. I liked Return of the Jedi. Do you think I'll like this one better? Does it have Jar Jar Binks in it? Why are you cringing?","It's enjoyable. Thanks.","I disagree. The acting was terrible and the ending wasn't at all believable.","I know, right? That movie was the shit. I've seen it three times already.","Who doesn't? It's the best of the entire series."
"3ICOHX7ENCWKY31VT75ARC0O8KO0E5","3FSCUW4D3155ZMY8XWDGAF3EBF2SSB","Create Interesting Dialogue","Produce utterances that dive into a topic in different ways","dialog, conversational agents, movies, books,arts,entertainment,fashion,politics,sports","$0.25","Wed May 10 20:34:02 PDT 2017","3","BatchId:2798842;OriginalHitTemplateId:920937336;","3600","1296000","Wed May 17 20:34:02 PDT 2017","","","3SNLUL3WO59H6FLXY2B0HYA1I73LUT","A3QZ0X5GCZ3H97","Approved","Thu May 11 07:34:54 PDT 2017","Thu May 11 07:36:48 PDT 2017","Fri May 26 07:36:48 PDT 2017","Thu May 11 22:09:25 PDT 2017","","","114","100% (15/15)","100% (15/15)","0% (0/0)","I really enjoyed the latest ""Star Wars"" movie.","Who was your favorite character? What was your favorite scene?","no","I really don't like these new Star Wars movies. They stray away from the originals.","Star Wars is one of my favorite movie franchises. I grew up with it as a kid.","Who doesn't love Star Wars?"
"3MJ9GGZYO3RO40NXSP72EH3CK3A2AW","3FSCUW4D3155ZMY8XWDGAF3EBF2SSB","Create Interesting Dialogue","Produce utterances that dive into a topic in different ways","dialog, conversational agents, movies, books,arts,entertainment,fashion,politics,sports","$0.25","Wed May 10 20:34:01 PDT 2017","3","BatchId:2798842;OriginalHitTemplateId:920937336;","3600","1296000","Wed May 17 20:34:01 PDT 2017","","","337RC3OW06OHJUAX3SL5DKCKXK8VL1","A3I0MR5FUOR298","Approved","Thu May 11 16:39:46 PDT 2017","Thu May 11 16:44:09 PDT 2017","Fri May 26 16:44:09 PDT 2017","Thu May 11 22:09:26 PDT 2017","","","263","100% (1/1)","100% (1/1)","0% (0/0)","I wasn't a fan of ""BreakIng Bad.""","What didn't you like about it? Did you watch more than one season or just a few episodes? Most people usually get into that show if they give it a chance.","","I agree. ""Breaking Bad"" was very over rated. It started off fairly well, but by the 2nd or 3rd season, it really went off the rails.","I thought that ""Breaking Bad"" was a ground breaking show. It really showed the personal side of the war on drugs and showed how that world can suck you in.","How can anyone watch that show? There's so much violence!"
"3MJ9GGZYO3RO40NXSP72EH3CK3A2AW","3FSCUW4D3155ZMY8XWDGAF3EBF2SSB","Create Interesting Dialogue","Produce utterances that dive into a topic in different ways","dialog, conversational agents, movies, books,arts,entertainment,fashion,politics,sports","$0.25","Wed May 10 20:34:01 PDT 2017","3","BatchId:2798842;OriginalHitTemplateId:920937336;","3600","1296000","Wed May 17 20:34:01 PDT 2017","","","33IZTU6J82NWRWAINGJODRN05PQSXH","A2FDPOPQ36D1I0","Approved","Thu May 11 16:50:46 PDT 2017","Thu May 11 16:56:04 PDT 2017","Fri May 26 16:56:04 PDT 2017","Thu May 11 22:09:24 PDT 2017","","","318","100% (2/2)","100% (2/2)","0% (0/0)","I wasn't a fan of ""BreakIng Bad.""","How much of it did you watch? It was a huge critical hit. What TV shows do you like instead?","NA","I wasn't a fan of Breaking Bad either. It was too dark for my tastes. And it was overhyped as well.","I LOVED Breaking Bad. The depth of the story as Walt got more and more tangled up in his business was fascinating. And the way he so slowly becomes a villain over the course of the series- at the end you're still rooting for the bad guy somehow.","Are you crazy? It was a thrilling adventure."
"3MJ9GGZYO3RO40NXSP72EH3CK3A2AW","3FSCUW4D3155ZMY8XWDGAF3EBF2SSB","Create Interesting Dialogue","Produce utterances that dive into a topic in different ways","dialog, conversational agents, movies, books,arts,entertainment,fashion,politics,sports","$0.25","Wed May 10 20:34:01 PDT 2017","3","BatchId:2798842;OriginalHitTemplateId:920937336;","3600","1296000","Wed May 17 20:34:01 PDT 2017","","","3FE7TXL1LJ9JD0S87N9QS1E3ATO2QD","AOHUD7WWKD2OA","Approved","Thu May 11 19:35:09 PDT 2017","Thu May 11 19:40:16 PDT 2017","Fri May 26 19:40:16 PDT 2017","Thu May 11 22:09:25 PDT 2017","","","307","100% (1/1)","100% (1/1)","0% (0/0)","I wasn't a fan of ""BreakIng Bad.""","What didn't you like about it? Did you make it past the first couple seasons? Is there anything you did like about it? What are you watching instead?","None","I didn't like it either. I found myself unable to really like Walter as a main character, and why would I watch a show with a main character I didn't like?","I really liked it. I think it picked up quite a bit after the first couple seasons, but it turned into one of the best shows I've watched.","Not really a meth person? I think it kind of glorified that lifestyle."
"33J5JKFMK6J5CYQXLLITNRN9UZVQ31","3FSCUW4D3155ZMY8XWDGAF3EBF2SSB","Create Interesting Dialogue","Produce utterances that dive into a topic in different ways","dialog, conversational agents, movies, books,arts,entertainment,fashion,politics,sports","$0.25","Wed May 10 20:34:02 PDT 2017","3","BatchId:2798842;OriginalHitTemplateId:920937336;","3600","1296000","Wed May 17 20:34:02 PDT 2017","","","3GS6S824SRJKMJDN5F6GCEZN9OBNW6","A2AWBDW9V1E9KT","Approved","Thu May 11 16:43:02 PDT 2017","Thu May 11 17:42:18 PDT 2017","Fri May 26 17:42:18 PDT 2017","Thu May 11 22:09:25 PDT 2017","","","3556","100% (100/100)","100% (100/100)","0% (0/0)","I really enjoy the new ""Sherlock.""","So, are you a  Cumberbitch? Who  is your favorite character, what's your favorite ship?","NA","Sherlock is okay, I guess. But There are better series abut him.","Oh, I'd be a Cumberbitch if I had a vagina.","Isn't Sherlock the most compelling adaptation of Holmes?"
"33J5JKFMK6J5CYQXLLITNRN9UZVQ31","3FSCUW4D3155ZMY8XWDGAF3EBF2SSB","Create Interesting Dialogue","Produce utterances that dive into a topic in different ways","dialog, conversational agents, movies, books,arts,entertainment,fashion,politics,sports","$0.25","Wed May 10 20:34:02 PDT 2017","3","BatchId:2798842;OriginalHitTemplateId:920937336;","3600","1296000","Wed May 17 20:34:02 PDT 2017","","","3OXV7EAXLFCFO057WE9X5624G1L63U","A1R3MNDWBBDZ6L","Approved","Thu May 11 11:01:07 PDT 2017","Thu May 11 11:01:49 PDT 2017","Fri May 26 11:01:49 PDT 2017","Thu May 11 22:09:24 PDT 2017","","","42","100% (169/169)","100% (169/169)","100% (44/44)","I really enjoy the new ""Sherlock.""","I haven't seen it. Can you tell me about it?","no","Eh, pass. It's nothing like Doyle's original Holmes.","I love it! It's such a thrilling mystery series.","Who doesn't love Sherlock?"
"33J5JKFMK6J5CYQXLLITNRN9UZVQ31","3FSCUW4D3155ZMY8XWDGAF3EBF2SSB","Create Interesting Dialogue","Produce utterances that dive into a topic in different ways","dialog, conversational agents, movies, books,arts,entertainment,fashion,politics,sports","$0.25","Wed May 10 20:34:02 PDT 2017","3","BatchId:2798842;OriginalHitTemplateId:920937336;","3600","1296000","Wed May 17 20:34:02 PDT 2017","","","3WLEIWSYHP3607T5OXMWJNM2J59H2B","A12U9754DFC9Z1","Approved","Thu May 11 16:58:47 PDT 2017","Thu May 11 17:06:09 PDT 2017","Fri May 26 17:06:09 PDT 2017","Thu May 11 22:09:25 PDT 2017","","","442","100% (1/1)","100% (1/1)","0% (0/0)","I really enjoy the new ""Sherlock.""","What season are you on? Did you watch the Christmas special? What did you think of what they're doing with Mary Morstan's character?","No","I hate it. Benedict Cumberbatch is so weird looking, and Sherlock acts so smug all the time.","Sherlock is great! It's so cool how they use the original stories in a modern setting. Martin Freeman is awesome at playing John Watson, too.","Isn't the trend of rebooting established series getting cliche now? There's already like, three other shows on TV that are all ""modern Sherlock Holmes."""
"30UZJB2POHXGJC7Z1TUQPGSIY39534","3FSCUW4D3155ZMY8XWDGAF3EBF2SSB","Create Interesting Dialogue","Produce utterances that dive into a topic in different ways","dialog, conversational agents, movies, books,arts,entertainment,fashion,politics,sports","$0.25","Wed May 10 20:34:02 PDT 2017","3","BatchId:2798842;OriginalHitTemplateId:920937336;","3600","1296000","Wed May 17 20:34:02 PDT 2017","","","31N2WW6R9SCB7TYIX7C1ZCFH8ZHF3W","A5N6QK76RTR7R","Approved","Thu May 11 09:03:59 PDT 2017","Thu May 11 09:31:05 PDT 2017","Fri May 26 09:31:05 PDT 2017","Thu May 11 22:09:25 PDT 2017","","","1626","100% (415/415)","100% (415/415)","100% (56/56)","I sometimes get confused by ""How to Get Away With Murder.""","What would you say is the best made for television crime drama you've ever seen?","NA","But I think it's getting dated because their plots just don't seem to cut it anymore.","It is still a good show.","Is there anyone who needs to see another hokey ""who done it""?"
"30UZJB2POHXGJC7Z1TUQPGSIY39534","3FSCUW4D3155ZMY8XWDGAF3EBF2SSB","Create Interesting Dialogue","Produce utterances that dive into a topic in different ways","dialog, conversational agents, movies, books,arts,entertainment,fashion,politics,sports","$0.25","Wed May 10 20:34:02 PDT 2017","3","BatchId:2798842;OriginalHitTemplateId:920937336;","3600","1296000","Wed May 17 20:34:02 PDT 2017","","","37XITHEISXVWNJZAHVNW94XUH0DRC9","A1R3MNDWBBDZ6L","Approved","Thu May 11 09:23:52 PDT 2017","Thu May 11 09:25:02 PDT 2017","Fri May 26 09:25:02 PDT 2017","Thu May 11 22:09:25 PDT 2017","","","70","100% (169/169)","100% (169/169)","100% (44/44)","I sometimes get confused by ""How to Get Away With Murder.""","Oh? What confused you?","no","Yeah, it was too confusing. I couldn't follow it.","It's such a good story! I loved it.","Who doesn't get confused by it?"
"30UZJB2POHXGJC7Z1TUQPGSIY39534","3FSCUW4D3155ZMY8XWDGAF3EBF2SSB","Create Interesting Dialogue","Produce utterances that dive into a topic in different ways","dialog, conversational agents, movies, books,arts,entertainment,fashion,politics,sports","$0.25","Wed May 10 20:34:02 PDT 2017","3","BatchId:2798842;OriginalHitTemplateId:920937336;","3600","1296000","Wed May 17 20:34:02 PDT 2017","","","3QEMNNSB2YLWASL98DK1OTOC1L37DS","A1RQMCUA0GNJ43","Approved","Wed May 10 20:42:13 PDT 2017","Wed May 10 20:42:59 PDT 2017","Thu May 25 20:42:59 PDT 2017","Thu May 11 22:09:25 PDT 2017","","","46","100% (5/5)","100% (5/5)","0% (0/0)","I sometimes get confused by ""How to Get Away With Murder.""","no worries. I can explain it to you. Tell me what you want to know.","","why? It's a simple movie","me too","what do you expect?"
"3XBXDSS888461ZHYD5HLDLDJRO9XLJ","3FSCUW4D3155ZMY8XWDGAF3EBF2SSB","Create Interesting Dialogue","Produce utterances that dive into a topic in different ways","dialog, conversational agents, movies, books,arts,entertainment,fashion,politics,sports","$0.25","Wed May 10 20:34:02 PDT 2017","3","BatchId:2798842;OriginalHitTemplateId:920937336;","3600","1296000","Wed May 17 20:34:02 PDT 2017","","","31T4R4OBOT2M50FV8HPQ4N6UGNCC7M","A5N6QK76RTR7R","Approved","Thu May 11 05:29:47 PDT 2017","Thu May 11 05:46:52 PDT 2017","Fri May 26 05:46:52 PDT 2017","Thu May 11 22:09:26 PDT 2017","","","1025","100% (415/415)","100% (415/415)","100% (56/56)","I am addicted to ""Grey's Anatomy.""","Seriously who is your favorite actor from Grey's Anatomy?","NA","I have to say I do get tired of that lead guy. He is so overdone.","I know it's like the best medical drama ever!","Does anyone want to still hear about Patrick Dempsey these days?"
"3XBXDSS888461ZHYD5HLDLDJRO9XLJ","3FSCUW4D3155ZMY8XWDGAF3EBF2SSB","Create Interesting Dialogue","Produce utterances that dive into a topic in different ways","dialog, conversational agents, movies, books,arts,entertainment,fashion,politics,sports","$0.25","Wed May 10 20:34:02 PDT 2017","3","BatchId:2798842;OriginalHitTemplateId:920937336;","3600","1296000","Wed May 17 20:34:02 PDT 2017","","","3F6KKYWMNCNLDDDWOK1QKQA2129DNE","A1IMICF9ISISZN","Approved","Thu May 11 07:52:47 PDT 2017","Thu May 11 07:59:52 PDT 2017","Fri May 26 07:59:52 PDT 2017","Thu May 11 22:09:26 PDT 2017","","","425","100% (6/6)","100% (6/6)","0% (0/0)","I am addicted to ""Grey's Anatomy.""","Do you plan to watch tonight's episode of Grey's Anatomy?  Do you think any really juicy drama is going to unfold?","No","I tried to watch it, but I found the acting to be so bad.  It is a terrible show.","I have seen every episode.  It is such a good show filled with so much drama.  It is so easy to feel you know the characters.","How can anyone not enjoy watching Grey's Anatomy?"
"3XBXDSS888461ZHYD5HLDLDJRO9XLJ","3FSCUW4D3155ZMY8XWDGAF3EBF2SSB","Create Interesting Dialogue","Produce utterances that dive into a topic in different ways","dialog, conversational agents, movies, books,arts,entertainment,fashion,politics,sports","$0.25","Wed May 10 20:34:02 PDT 2017","3","BatchId:2798842;OriginalHitTemplateId:920937336;","3600","1296000","Wed May 17 20:34:02 PDT 2017","","","3MYYFCXHJ4T23PDH85N2R27ZNDU4GK","AMUV60QYHNUR3","Approved","Thu May 11 07:58:40 PDT 2017","Thu May 11 08:00:43 PDT 2017","Fri May 26 08:00:43 PDT 2017","Thu May 11 22:09:26 PDT 2017","","","123","100% (10/10)","100% (10/10)","0% (0/0)","I am addicted to ""Grey's Anatomy.""","I wonder if April and Jackson will ever get back together?","","I like the show, but come on its a bit over the top sometimes.","Me too! I have NEVER, EVER missed an episode.","How many things can happen to such good people?"
"3XD2A6FGFNF34GUQUY88945WCFQS99","3FSCUW4D3155ZMY8XWDGAF3EBF2SSB","Create Interesting Dialogue","Produce utterances that dive into a topic in different ways","dialog, conversational agents, movies, books,arts,entertainment,fashion,politics,sports","$0.25","Wed May 10 20:34:02 PDT 2017","3","BatchId:2798842;OriginalHitTemplateId:920937336;","3600","1296000","Wed May 17 20:34:02 PDT 2017","","","30MVJZJNHNZDRX9UX64W5NAV1VOJ9U","A1RQMCUA0GNJ43","Approved","Wed May 10 20:43:00 PDT 2017","Wed May 10 20:43:38 PDT 2017","Thu May 25 20:43:38 PDT 2017","Thu May 11 22:09:26 PDT 2017","","","38","100% (5/5)","100% (5/5)","0% (0/0)","I love ""Game of Thrones,"" but I really loved the books even more.","me too! Let's read it together again!","","the book is just as boring","the book is a really good one","who doesn't like it?"
"3XD2A6FGFNF34GUQUY88945WCFQS99","3FSCUW4D3155ZMY8XWDGAF3EBF2SSB","Create Interesting Dialogue","Produce utterances that dive into a topic in different ways","dialog, conversational agents, movies, books,arts,entertainment,fashion,politics,sports","$0.25","Wed May 10 20:34:02 PDT 2017","3","BatchId:2798842;OriginalHitTemplateId:920937336;","3600","1296000","Wed May 17 20:34:02 PDT 2017","","","3G0WWMR1UW6F2MH1T67AKPH1KFXQNR","A34QZDSTKZ3JO9","Approved","Wed May 10 21:00:04 PDT 2017","Wed May 10 21:02:09 PDT 2017","Thu May 25 21:02:09 PDT 2017","Thu May 11 22:09:26 PDT 2017","","","125","100% (206/206)","100% (206/206)","100% (96/96)","I love ""Game of Thrones,"" but I really loved the books even more.","Do you think the series deviated too much from the books at all?","","I don't get what people like so much about it.  I saw the first season and didn't care much for it.","I agree.  The books were amazing, but I love the series as well.","Who doesn't love GoT?  Do you have the series on DVD?"
"3XD2A6FGFNF34GUQUY88945WCFQS99","3FSCUW4D3155ZMY8XWDGAF3EBF2SSB","Create Interesting Dialogue","Produce utterances that dive into a topic in different ways","dialog, conversational agents, movies, books,arts,entertainment,fashion,politics,sports","$0.25","Wed May 10 20:34:02 PDT 2017","3","BatchId:2798842;OriginalHitTemplateId:920937336;","3600","1296000","Wed May 17 20:34:02 PDT 2017","","","3Z7VU45IPZ3L27B3BFSPEBG2MJEZ1R","A5N6QK76RTR7R","Approved","Thu May 11 08:05:19 PDT 2017","Thu May 11 08:32:28 PDT 2017","Fri May 26 08:32:28 PDT 2017","Thu May 11 22:09:26 PDT 2017","","","1629","100% (415/415)","100% (415/415)","100% (56/56)","I love ""Game of Thrones,"" but I really loved the books even more.","What other fantasy dramas are you into?","NA","I've never been much that veered toward dungeons and dragon themes.","I've heard really good things about that series.","But who doesn't like a man in a man bun?"
"3087LXLJ6M1C4H1ROIPG9ULOKL30FN","3FSCUW4D3155ZMY8XWDGAF3EBF2SSB","Create Interesting Dialogue","Produce utterances that dive into a topic in different ways","dialog, conversational agents, movies, books,arts,entertainment,fashion,politics,sports","$0.25","Wed May 10 20:34:02 PDT 2017","3","BatchId:2798842;OriginalHitTemplateId:920937336;","3600","1296000","Wed May 17 20:34:02 PDT 2017","","","3JV9LGBJWU067INZRP2B50D442TOG9","A1PZNJFHCYYNA6","Approved","Wed May 10 21:01:22 PDT 2017","Wed May 10 21:08:26 PDT 2017","Thu May 25 21:08:26 PDT 2017","Thu May 11 22:09:26 PDT 2017","","","424","100% (3/3)","100% (3/3)","0% (0/0)","I enjoyed the Harry Potter movies, but I hear the books are much better.","You and me both. Do you want to read them together? Doesn't your sister have the entire set?","","Hell no. Harry's world is way more believable in the movies. Plus, Hermione is hotter in the movies.","You're absolutely right about that. The movies have nothing on the books. They completely left out entire characters in the movies!","Do you also hear the voices of other people in your head? You've gotta get your mind straight, seriously."
"3087LXLJ6M1C4H1ROIPG9ULOKL30FN","3FSCUW4D3155ZMY8XWDGAF3EBF2SSB","Create Interesting Dialogue","Produce utterances that dive into a topic in different ways","dialog, conversational agents, movies, books,arts,entertainment,fashion,politics,sports","$0.25","Wed May 10 20:34:02 PDT 2017","3","BatchId:2798842;OriginalHitTemplateId:920937336;","3600","1296000","Wed May 17 20:34:02 PDT 2017","","","3U4J9857OFX3VVNPUHTVT30CY0SB7Q","A34QZDSTKZ3JO9","Approved","Wed May 10 21:06:35 PDT 2017","Wed May 10 21:08:35 PDT 2017","Thu May 25 21:08:35 PDT 2017","Thu May 11 22:09:26 PDT 2017","","","120","100% (206/206)","100% (206/206)","100% (96/96)","I enjoyed the Harry Potter movies, but I hear the books are much better.","I've read and seen them all.  Did you know they made a spin-off type movie?","none","I hated the movies.  I had read the books and they didn't live up to my expectations.","The movies are wonderful.  I didn't think I'd like them, but they were amazing.","Who doesn't like them?  You can love them whether or not you've read the books."
"3087LXLJ6M1C4H1ROIPG9ULOKL30FN","3FSCUW4D3155ZMY8XWDGAF3EBF2SSB","Create Interesting Dialogue","Produce utterances that dive into a topic in different ways","dialog, conversational agents, movies, books,arts,entertainment,fashion,politics,sports","$0.25","Wed May 10 20:34:02 PDT 2017","3","BatchId:2798842;OriginalHitTemplateId:920937336;","3600","1296000","Wed May 17 20:34:02 PDT 2017","","","3ZDAD0O1T2ZX6WNXCGOENWJM61YXTQ","A8RDXT4ZILHQT","Approved","Thu May 11 00:36:27 PDT 2017","Thu May 11 00:37:36 PDT 2017","Fri May 26 00:37:36 PDT 2017","Thu May 11 22:09:26 PDT 2017","","","69","100% (19/19)","100% (19/19)","100% (4/4)","I enjoyed the Harry Potter movies, but I hear the books are much better.","Holy shit, that's the thing I keep hearing about. Is it any good?","","Shitty narratives. Written so simply.","The CGI in them was nuts. It felt magical.","Do you like a lot of children's books."
"3MQY1YVHS35TNASPY37Y9SNI2LV2BR","3FSCUW4D3155ZMY8XWDGAF3EBF2SSB","Create Interesting Dialogue","Produce utterances that dive into a topic in different ways","dialog, conversational agents, movies, books,arts,entertainment,fashion,politics,sports","$0.25","Wed May 10 20:34:02 PDT 2017","3","BatchId:2798842;OriginalHitTemplateId:920937336;","3600","1296000","Wed May 17 20:34:02 PDT 2017","","","39KFRKBFIOH6T98ZLVOHC0K890GOY8","A2ZOM62DKMSWDK","Approved","Thu May 11 06:50:14 PDT 2017","Thu May 11 06:52:08 PDT 2017","Fri May 26 06:52:08 PDT 2017","Thu May 11 22:09:26 PDT 2017","","","114","100% (16/16)","100% (16/16)","100% (6/6)","I really enjoyed ""The Incredibles.""","I sure hope they're coming out with an Incredibles II, if they haven't already. There are so many funny, superhero satire situations still left to be explored.","Hope this one's OK. It's been a while since I saw ""The Incredibles"".","However, with ""The Incredibles"" I thought some of the body shapes, especially on the mom and dad, were a little weird.","Me, too. I love these current animations, the characters (people, animals, superheroes) seem so real.","Don't you think they should try to get more actors to do the voices in movies like these? I love trying to guess the voices."
"3MQY1YVHS35TNASPY37Y9SNI2LV2BR","3FSCUW4D3155ZMY8XWDGAF3EBF2SSB","Create Interesting Dialogue","Produce utterances that dive into a topic in different ways","dialog, conversational agents, movies, books,arts,entertainment,fashion,politics,sports","$0.25","Wed May 10 20:34:02 PDT 2017","3","BatchId:2798842;OriginalHitTemplateId:920937336;","3600","1296000","Wed May 17 20:34:02 PDT 2017","","","3QUO65DNQVAPC0OUBURS9FEVEEUOU4","A3QZ0X5GCZ3H97","Approved","Thu May 11 10:42:16 PDT 2017","Thu May 11 10:44:39 PDT 2017","Fri May 26 10:44:39 PDT 2017","Thu May 11 22:09:26 PDT 2017","","","143","100% (15/15)","100% (15/15)","0% (0/0)","I really enjoyed ""The Incredibles.""","When was your first time watching it? Did you think it was funny?","na","I thought the Incredibles was a bad movie. The humor was childish.","The Incredibles used to be one of my favorite animated movies. It was so funny.","Who didn't love the Incredibles? It was such a good movie."
"3MQY1YVHS35TNASPY37Y9SNI2LV2BR","3FSCUW4D3155ZMY8XWDGAF3EBF2SSB","Create Interesting Dialogue","Produce utterances that dive into a topic in different ways","dialog, conversational agents, movies, books,arts,entertainment,fashion,politics,sports","$0.25","Wed May 10 20:34:02 PDT 2017","3","BatchId:2798842;OriginalHitTemplateId:920937336;","3600","1296000","Wed May 17 20:34:02 PDT 2017","","","3V0Z7YWSIZMBI8OPTM30YODBQEO2VD","AMUV60QYHNUR3","Approved","Thu May 11 08:09:53 PDT 2017","Thu May 11 08:12:37 PDT 2017","Fri May 26 08:12:37 PDT 2017","Thu May 11 22:09:27 PDT 2017","","","164","100% (10/10)","100% (10/10)","0% (0/0)","I really enjoyed ""The Incredibles.""","Which is your favorite character, I find it to hard to decide.","","After about the 100th time, I am a little tired of ""The Incredibles"".","My kids could watch that movie over and over.","Do you think they even realize how hooked kids get on this show"
"3WRBLBQ2GRTIIHXMZ2VYRFL0L030GM","3FSCUW4D3155ZMY8XWDGAF3EBF2SSB","Create Interesting Dialogue","Produce utterances that dive into a topic in different ways","dialog, conversational agents, movies, books,arts,entertainment,fashion,politics,sports","$0.25","Wed May 10 20:34:02 PDT 2017","3","BatchId:2798842;OriginalHitTemplateId:920937336;","3600","1296000","Wed May 17 20:34:02 PDT 2017","","","31Z0PCVWUL13RHH6U3KGTX6Y49CT7M","A22NOME8P61FM4","Approved","Thu May 11 05:40:14 PDT 2017","Thu May 11 06:24:13 PDT 2017","Fri May 26 06:24:13 PDT 2017","Thu May 11 22:09:27 PDT 2017","","","2639","100% (36/36)","100% (36/36)","0% (0/0)","I want to see ""La La Land.""","What is the movie about? And who stars in it?","na","Ew I don't ever want to see anything called ""La La Land""","I haven't seen that movie, is it funny? Did it just come out?","Yeah because that movie title makes a whole lot of sense, who wouldn't want to go see it?"
"3WRBLBQ2GRTIIHXMZ2VYRFL0L030GM","3FSCUW4D3155ZMY8XWDGAF3EBF2SSB","Create Interesting Dialogue","Produce utterances that dive into a topic in different ways","dialog, conversational agents, movies, books,arts,entertainment,fashion,politics,sports","$0.25","Wed May 10 20:34:02 PDT 2017","3","BatchId:2798842;OriginalHitTemplateId:920937336;","3600","1296000","Wed May 17 20:34:02 PDT 2017","","","3PS7W85Z80O7505Z90I07TX4ZZ09TE","A5N6QK76RTR7R","Approved","Thu May 11 05:30:03 PDT 2017","Thu May 11 05:57:55 PDT 2017","Fri May 26 05:57:55 PDT 2017","Thu May 11 22:09:28 PDT 2017","","","1672","100% (415/415)","100% (415/415)","100% (56/56)","I want to see ""La La Land.""","Have you listened to the soundtrack at least?","NA","It can be a little corny because of all the impromptu dancing and singing.","Oh my gosh it is so wonderful!","But who doesn't want to see your two favorite actors sing and dance?"
"3WRBLBQ2GRTIIHXMZ2VYRFL0L030GM","3FSCUW4D3155ZMY8XWDGAF3EBF2SSB","Create Interesting Dialogue","Produce utterances that dive into a topic in different ways","dialog, conversational agents, movies, books,arts,entertainment,fashion,politics,sports","$0.25","Wed May 10 20:34:02 PDT 2017","3","BatchId:2798842;OriginalHitTemplateId:920937336;","3600","1296000","Wed May 17 20:34:02 PDT 2017","","","3X1FV8S5JYD1X2WWS1OP0S7C0VQGV3","A1RQMCUA0GNJ43","Approved","Wed May 10 20:41:37 PDT 2017","Wed May 10 20:42:13 PDT 2017","Thu May 25 20:42:13 PDT 2017","Thu May 11 22:09:27 PDT 2017","","","36","100% (5/5)","100% (5/5)","0% (0/0)","I want to see ""La La Land.""","good choice. i want to go with you","","no it's boring","sure it's a good movie","why not?"
"3GL25Y6843FQ7HZJDHI0DYS8RTZXML","3FSCUW4D3155ZMY8XWDGAF3EBF2SSB","Create Interesting Dialogue","Produce utterances that dive into a topic in different ways","dialog, conversational agents, movies, books,arts,entertainment,fashion,politics,sports","$0.25","Wed May 10 20:34:02 PDT 2017","3","BatchId:2798842;OriginalHitTemplateId:920937336;","3600","1296000","Wed May 17 20:34:02 PDT 2017","","","36U2A8VAG2LN3INKN3WO5J3ZPT9YKX","A1PZNJFHCYYNA6","Approved","Wed May 10 20:56:51 PDT 2017","Wed May 10 21:00:26 PDT 2017","Thu May 25 21:00:26 PDT 2017","Thu May 11 22:09:27 PDT 2017","","","215","100% (3/3)","100% (3/3)","0% (0/0)","I cry every time I see ""It's a Wonderful Life"" even in front of my kids.","How many times have you watched it? Do you think I would be safe to watch it in front of my new girlfriend, or is that too risky?","","Don't be a pussy. People are going to laugh at and judge you if you go around saying shit like that.","I've got to admit, I also teared up during that flick. There's no shame in crying during that movie. It could melt the heart of the hardest man.","Do birds of a feather flock together? Of course you cried during the movie! That shit's my jam, man."
"3GL25Y6843FQ7HZJDHI0DYS8RTZXML","3FSCUW4D3155ZMY8XWDGAF3EBF2SSB","Create Interesting Dialogue","Produce utterances that dive into a topic in different ways","dialog, conversational agents, movies, books,arts,entertainment,fashion,politics,sports","$0.25","Wed May 10 20:34:02 PDT 2017","3","BatchId:2798842;OriginalHitTemplateId:920937336;","3600","1296000","Wed May 17 20:34:02 PDT 2017","","","3LKC68YZ3BP244DZ6U6TR3ZSYSIWOJ","A2YE2I9DYV9OKW","Approved","Thu May 11 07:13:14 PDT 2017","Thu May 11 07:19:13 PDT 2017","Fri May 26 07:19:13 PDT 2017","Thu May 11 22:09:27 PDT 2017","","","359","100% (54/54)","100% (54/54)","100% (19/19)","I cry every time I see ""It's a Wonderful Life"" even in front of my kids.","Do your kids understand the context of what's going on in the movie?","Some of the topics I don't know well enough to write about but I have to scroll all the way down to see what they are to know if I want to accept or skip. It would be nicer if the topic was visible closer to the top of the HIT (either repeated there, or make the instructions collapsible).","Movies are so emotionally manipulative, it's usually better to not let them get under your skin.","It's good for kids to see that adults have a whole range of emotions.","Should they really run such a heart-wrenching movie in a season of joy?"
"3GL25Y6843FQ7HZJDHI0DYS8RTZXML","3FSCUW4D3155ZMY8XWDGAF3EBF2SSB","Create Interesting Dialogue","Produce utterances that dive into a topic in different ways","dialog, conversational agents, movies, books,arts,entertainment,fashion,politics,sports","$0.25","Wed May 10 20:34:02 PDT 2017","3","BatchId:2798842;OriginalHitTemplateId:920937336;","3600","1296000","Wed May 17 20:34:02 PDT 2017","","","3P4RDNWND6S62Y2X10A9IG9YKLCJIE","A34QZDSTKZ3JO9","Approved","Wed May 10 21:08:35 PDT 2017","Wed May 10 21:12:08 PDT 2017","Thu May 25 21:12:08 PDT 2017","Thu May 11 22:09:28 PDT 2017","","","213","100% (206/206)","100% (206/206)","100% (96/96)","I cry every time I see ""It's a Wonderful Life"" even in front of my kids.","What is your favorite part of the movie?","none","I've watched it once.  I didn't really care for it either.","I love that movie.  I just have to watch it every year.","Who doesn't get emotional watching it?  It's really a great movie!"
"36QZ6V1589Y1O8ITS93Z50SAP00US2","3FSCUW4D3155ZMY8XWDGAF3EBF2SSB","Create Interesting Dialogue","Produce utterances that dive into a topic in different ways","dialog, conversational agents, movies, books,arts,entertainment,fashion,politics,sports","$0.25","Wed May 10 20:34:02 PDT 2017","3","BatchId:2798842;OriginalHitTemplateId:920937336;","3600","1296000","Wed May 17 20:34:02 PDT 2017","","","3FK0YFF9P02KFZMRHWNB0TAMNBTVVO","A2R2HMURPYBWWC","Approved","Thu May 11 05:04:04 PDT 2017","Thu May 11 05:07:06 PDT 2017","Fri May 26 05:07:06 PDT 2017","Thu May 11 22:09:28 PDT 2017","","","182","100% (4/4)","100% (4/4)","0% (0/0)","Iron Man was fun.","So what was your favorite part of the movie? Can you tell me more about the characters?","Please let me know if my work is okay! I tried really hard! Thanks!","I wasn't a fan of the movie myself. Didn't keep my interested like I was hoping.  I think the story line was too slow.","I loved that movie! The action kept you interested and on your seat. Plus I though the actors were cute too.","Who doesn't love super hero movies? I could watch them continuously."
"36QZ6V1589Y1O8ITS93Z50SAP00US2","3FSCUW4D3155ZMY8XWDGAF3EBF2SSB","Create Interesting Dialogue","Produce utterances that dive into a topic in different ways","dialog, conversational agents, movies, books,arts,entertainment,fashion,politics,sports","$0.25","Wed May 10 20:34:02 PDT 2017","3","BatchId:2798842;OriginalHitTemplateId:920937336;","3600","1296000","Wed May 17 20:34:02 PDT 2017","","","3S0TNUHWKU40A6QSIIC72TK7C59D8L","A1RQMCUA0GNJ43","Approved","Wed May 10 20:43:39 PDT 2017","Wed May 10 20:45:13 PDT 2017","Thu May 25 20:45:13 PDT 2017","Thu May 11 22:09:28 PDT 2017","","","94","100% (5/5)","100% (5/5)","0% (0/0)","Iron Man was fun.","let's go watch it together!","na","what are you talking about? it's boring","everyone loved it","who doesn't like it?"
"36QZ6V1589Y1O8ITS93Z50SAP00US2","3FSCUW4D3155ZMY8XWDGAF3EBF2SSB","Create Interesting Dialogue","Produce utterances that dive into a topic in different ways","dialog, conversational agents, movies, books,arts,entertainment,fashion,politics,sports","$0.25","Wed May 10 20:34:02 PDT 2017","3","BatchId:2798842;OriginalHitTemplateId:920937336;","3600","1296000","Wed May 17 20:34:02 PDT 2017","","","3ZV9H2YQQETDIFKDNWM1301H3Z1W3Z","A37WDOIQH6JM6V","Approved","Wed May 10 23:02:10 PDT 2017","Wed May 10 23:08:39 PDT 2017","Thu May 25 23:08:39 PDT 2017","Thu May 11 22:09:28 PDT 2017","","","389","100% (2/2)","100% (2/2)","0% (0/0)","Iron Man was fun.","I thought Iron Man was really awesome.  My boyfriend and I saw it at the theater and we cheered out loud during a lot of the action scenes.","I like it. I hope you liked my responses.","I don't know.  I felt that my time could have been better spent watching a different film","Iron man was definitely fun.  I enjoyed the plot so much. The action sequences were awesome.","I'm not sure that I really would classify this as a good film."
"3SBX2M1TKD8QUU91LZNCXWFF8ZRQ4M","3FSCUW4D3155ZMY8XWDGAF3EBF2SSB","Create Interesting Dialogue","Produce utterances that dive into a topic in different ways","dialog, conversational agents, movies, books,arts,entertainment,fashion,politics,sports","$0.25","Wed May 10 20:34:02 PDT 2017","3","BatchId:2798842;OriginalHitTemplateId:920937336;","3600","1296000","Wed May 17 20:34:02 PDT 2017","","","326O153BMJKHJ70JVLY7U3GTN8JEDX","A2PZH16YCBHDYY","Approved","Wed May 10 22:53:02 PDT 2017","Wed May 10 23:04:28 PDT 2017","Thu May 25 23:04:28 PDT 2017","Thu May 11 22:09:28 PDT 2017","","","686","100% (6/6)","100% (6/6)","0% (0/0)","I loved the Austin Powers movies. They make me laugh though some of the jokes were childish.","Are you a fan of comedy movies? Which are some of your favorites? Maybe you can give me some recommendations.","No","I don't think those movies hold up very well. They were funny at the time but a lot of the jokes feel dated and repetitive now.","The Austin Powers movies are a really fun spoof series. There are so many memorable characters and quotable lines.","Who doesn't remember those movies? They were so popular at the time. Everyone used to quote those characters."
"3SBX2M1TKD8QUU91LZNCXWFF8ZRQ4M","3FSCUW4D3155ZMY8XWDGAF3EBF2SSB","Create Interesting Dialogue","Produce utterances that dive into a topic in different ways","dialog, conversational agents, movies, books,arts,entertainment,fashion,politics,sports","$0.25","Wed May 10 20:34:02 PDT 2017","3","BatchId:2798842;OriginalHitTemplateId:920937336;","3600","1296000","Wed May 17 20:34:02 PDT 2017","","","33LKR6A5KF6PGV245N37SNFL1OHT1W","A5N6QK76RTR7R","Approved","Thu May 11 09:19:24 PDT 2017","Thu May 11 10:06:38 PDT 2017","Fri May 26 10:06:38 PDT 2017","Thu May 11 22:09:28 PDT 2017","","","2834","100% (415/415)","100% (415/415)","100% (56/56)","I loved the Austin Powers movies. They make me laugh though some of the jokes were childish.","Did you see the one with Beyonce in it?","NA","You're right, however, I could do without his crude bathroom humor.","I love them too. Mike Myers is a genius.","Is there a fart joke Mike Myers hasn't explored?"
"3SBX2M1TKD8QUU91LZNCXWFF8ZRQ4M","3FSCUW4D3155ZMY8XWDGAF3EBF2SSB","Create Interesting Dialogue","Produce utterances that dive into a topic in different ways","dialog, conversational agents, movies, books,arts,entertainment,fashion,politics,sports","$0.25","Wed May 10 20:34:02 PDT 2017","3","BatchId:2798842;OriginalHitTemplateId:920937336;","3600","1296000","Wed May 17 20:34:02 PDT 2017","","","3HYA4D452S5MMB2ZT7YWG2AP2JJF2J","A8RDXT4ZILHQT","Approved","Wed May 10 23:44:14 PDT 2017","Wed May 10 23:45:36 PDT 2017","Thu May 25 23:45:36 PDT 2017","Thu May 11 22:09:28 PDT 2017","","","82","100% (19/19)","100% (19/19)","100% (4/4)","I loved the Austin Powers movies. They make me laugh though some of the jokes were childish.","Losing my shit about Austin Powers. I'm a massive fan of the series.","","I love childish humor but Austin was too much. Too many jokes one after another.","Sometimes childish stuff owns, a little silly jokes like make everything else work.","Are you not a fan of comedies?"
"3FVBZG9CLJZWIDSXJ8DGCFX100G0HL","3FSCUW4D3155ZMY8XWDGAF3EBF2SSB","Create Interesting Dialogue","Produce utterances that dive into a topic in different ways","dialog, conversational agents, movies, books,arts,entertainment,fashion,politics,sports","$0.25","Wed May 10 20:34:02 PDT 2017","3","BatchId:2798842;OriginalHitTemplateId:920937336;","3600","1296000","Wed May 17 20:34:02 PDT 2017","","","39GHHAVOMGDCUR3IGB85OFZFG7V4JD","A3QZ0X5GCZ3H97","Approved","Thu May 11 10:32:21 PDT 2017","Thu May 11 10:34:39 PDT 2017","Fri May 26 10:34:39 PDT 2017","Thu May 11 22:09:28 PDT 2017","","","138","100% (15/15)","100% (15/15)","0% (0/0)","I prefer the Amercian verision of ""The Office.""","Who was your favorite character? What was your favorite episode?","Na","I did not like the American version. It did not have the same witty humor as the UK version","I love that version. It's funnier than the UK verision.","Who doesn't like American Version of The Office? It is much better than the UK version."
"3FVBZG9CLJZWIDSXJ8DGCFX100G0HL","3FSCUW4D3155ZMY8XWDGAF3EBF2SSB","Create Interesting Dialogue","Produce utterances that dive into a topic in different ways","dialog, conversational agents, movies, books,arts,entertainment,fashion,politics,sports","$0.25","Wed May 10 20:34:02 PDT 2017","3","BatchId:2798842;OriginalHitTemplateId:920937336;","3600","1296000","Wed May 17 20:34:02 PDT 2017","","","3TY7ZAOG5G6Q6NRZFVLFDR9FDIV0K3","A1R3MNDWBBDZ6L","Approved","Thu May 11 07:47:54 PDT 2017","Thu May 11 07:49:36 PDT 2017","Fri May 26 07:49:36 PDT 2017","Thu May 11 22:09:28 PDT 2017","","","102","100% (169/169)","100% (169/169)","100% (44/44)","I prefer the Amercian verision of ""The Office.""","I've only seen the British version. Can you tell me about the American version and how it's different from the original?","no","Personally, I think it pales in comparison to the original British version, which had far smarter comedy and better writing!","Oh yeah! I thought it was hilarious! Great acting, great jokes, wonderful writing - it has it all!","How can you choose when both versions are so great?"
"3FVBZG9CLJZWIDSXJ8DGCFX100G0HL","3FSCUW4D3155ZMY8XWDGAF3EBF2SSB","Create Interesting Dialogue","Produce utterances that dive into a topic in different ways","dialog, conversational agents, movies, books,arts,entertainment,fashion,politics,sports","$0.25","Wed May 10 20:34:02 PDT 2017","3","BatchId:2798842;OriginalHitTemplateId:920937336;","3600","1296000","Wed May 17 20:34:02 PDT 2017","","","3VA45EW49O9933XW96H8YD9Y3L2O1I","A2AWBDW9V1E9KT","Approved","Thu May 11 16:23:12 PDT 2017","Thu May 11 16:25:24 PDT 2017","Fri May 26 16:25:24 PDT 2017","Thu May 11 22:09:28 PDT 2017","","","132","100% (100/100)","100% (100/100)","0% (0/0)","I prefer the Amercian verision of ""The Office.""","So, who is your favoriate character?","No.","The British version is better. The original is always the best.","I can understand that.  The American version is easier to relate to.","Why would anyone prefer the British version? It sucks."
"34D9ZRXCYRFH9Z4VM4M85ZGGIX8SAO","3FSCUW4D3155ZMY8XWDGAF3EBF2SSB","Create Interesting Dialogue","Produce utterances that dive into a topic in different ways","dialog, conversational agents, movies, books,arts,entertainment,fashion,politics,sports","$0.25","Wed May 10 20:34:02 PDT 2017","3","BatchId:2798842;OriginalHitTemplateId:920937336;","3600","1296000","Wed May 17 20:34:02 PDT 2017","","","3HFNH7HEMI09SU0F62UFU584J64GQ8","AMUV60QYHNUR3","Approved","Thu May 11 09:24:06 PDT 2017","Thu May 11 09:27:06 PDT 2017","Fri May 26 09:27:06 PDT 2017","Thu May 11 22:09:28 PDT 2017","","","180","100% (10/10)","100% (10/10)","0% (0/0)","I laughed so hard watching ""Airplane"" even though some of those jokes were just stupid.","Do you like slapstick Comedy movies as well, are a particular actor in Airplane?","","I think some of the Airplane jokes are a little too crude.","Yeah, It is fun to watch movies that you don't have to think to much.","Do you think the actors had as much fun as they did on screen?"
"34D9ZRXCYRFH9Z4VM4M85ZGGIX8SAO","3FSCUW4D3155ZMY8XWDGAF3EBF2SSB","Create Interesting Dialogue","Produce utterances that dive into a topic in different ways","dialog, conversational agents, movies, books,arts,entertainment,fashion,politics,sports","$0.25","Wed May 10 20:34:02 PDT 2017","3","BatchId:2798842;OriginalHitTemplateId:920937336;","3600","1296000","Wed May 17 20:34:02 PDT 2017","","","3OJSZ2ATDTI16F6GT72IQH0KO7357M","A5N6QK76RTR7R","Approved","Thu May 11 09:36:05 PDT 2017","Thu May 11 10:19:45 PDT 2017","Fri May 26 10:19:45 PDT 2017","Thu May 11 22:09:28 PDT 2017","","","2620","100% (415/415)","100% (415/415)","100% (56/56)","I laughed so hard watching ""Airplane"" even though some of those jokes were just stupid.","What do you think is the stupidest but funniest film you have ever seen?","NA","But you're right some of the scenes are so over the top.","It is a comedy classic.","It makes you wonder some times, can this film get more stupid?"
"34D9ZRXCYRFH9Z4VM4M85ZGGIX8SAO","3FSCUW4D3155ZMY8XWDGAF3EBF2SSB","Create Interesting Dialogue","Produce utterances that dive into a topic in different ways","dialog, conversational agents, movies, books,arts,entertainment,fashion,politics,sports","$0.25","Wed May 10 20:34:02 PDT 2017","3","BatchId:2798842;OriginalHitTemplateId:920937336;","3600","1296000","Wed May 17 20:34:02 PDT 2017","","","3TVRFO09GL19NJFS37MN1595DVBXL1","A2AWBDW9V1E9KT","Approved","Thu May 11 16:19:04 PDT 2017","Thu May 11 17:09:46 PDT 2017","Fri May 26 17:09:46 PDT 2017","Thu May 11 22:09:28 PDT 2017","","","3042","100% (100/100)","100% (100/100)","0% (0/0)","I laughed so hard watching ""Airplane"" even though some of those jokes were just stupid.","What other movies do you like.  Have you ever seen Due South, Leslie Nielsen is in a couple of episodes.","NA","Airplane is really old and boring.  I prefer contemporary comedies.","Everyone laughs at Airplane. It's what made Leslie Nielsen a comedian.","Is it possible for anything to be more funny than Airplane!?"
"34KYK9TV2RTMS99NSIM40A0M0FTSBJ","3FSCUW4D3155ZMY8XWDGAF3EBF2SSB","Create Interesting Dialogue","Produce utterances that dive into a topic in different ways","dialog, conversational agents, movies, books,arts,entertainment,fashion,politics,sports","$0.25","Wed May 10 20:34:02 PDT 2017","3","BatchId:2798842;OriginalHitTemplateId:920937336;","3600","1296000","Wed May 17 20:34:02 PDT 2017","","","37KGEN7NJ4CU5VSZ985DO9WMG6LPPL","A2RQCG4Q0PP4DZ","Approved","Thu May 11 18:17:08 PDT 2017","Thu May 11 18:18:39 PDT 2017","Fri May 26 18:18:39 PDT 2017","Thu May 11 22:09:29 PDT 2017","","","91","100% (10/10)","100% (10/10)","0% (0/0)","I think ""Groundhog Day"" started a new genre of movie, the repeat a day movie.","Do you think others will make movies in this new genre?  Why do you think this will become a new genre?","NA","I thought Ground Hog day was just like any other movie made these days, drawn out and boring.","I totally agree ""Groundhog Day"" was the first of it's kind but probably not the last.","A new time of genre?  I would have to agree."
"34KYK9TV2RTMS99NSIM40A0M0FTSBJ","3FSCUW4D3155ZMY8XWDGAF3EBF2SSB","Create Interesting Dialogue","Produce utterances that dive into a topic in different ways","dialog, conversational agents, movies, books,arts,entertainment,fashion,politics,sports","$0.25","Wed May 10 20:34:02 PDT 2017","3","BatchId:2798842;OriginalHitTemplateId:920937336;","3600","1296000","Wed May 17 20:34:02 PDT 2017","","","39LOEL67OTR2SEOVPT6VPKYVLVK38J","A34QZDSTKZ3JO9","Approved","Thu May 11 09:40:15 PDT 2017","Thu May 11 09:42:01 PDT 2017","Fri May 26 09:42:01 PDT 2017","Thu May 11 22:09:29 PDT 2017","","","106","100% (206/206)","100% (206/206)","100% (96/96)","I think ""Groundhog Day"" started a new genre of movie, the repeat a day movie.","What is your favorite movie in this genre?","none","I don't think so.  I never saw any other movies like that.","I think you are right.  I even saw an episode of Supernatural used the theme.","Yeah.  Who hasn't seen a movie that repeats itself and instantly thinks ""Groundhog Day?"""
"34KYK9TV2RTMS99NSIM40A0M0FTSBJ","3FSCUW4D3155ZMY8XWDGAF3EBF2SSB","Create Interesting Dialogue","Produce utterances that dive into a topic in different ways","dialog, conversational agents, movies, books,arts,entertainment,fashion,politics,sports","$0.25","Wed May 10 20:34:02 PDT 2017","3","BatchId:2798842;OriginalHitTemplateId:920937336;","3600","1296000","Wed May 17 20:34:02 PDT 2017","","","3LPW2N6LKUO34QIC6FVT09E4WIP5UD","A5N6QK76RTR7R","Approved","Thu May 11 09:07:54 PDT 2017","Thu May 11 10:02:35 PDT 2017","Fri May 26 10:02:35 PDT 2017","Thu May 11 22:09:28 PDT 2017","","","3281","100% (415/415)","100% (415/415)","100% (56/56)","I think ""Groundhog Day"" started a new genre of movie, the repeat a day movie.","Do you like Chevy Chase as a comedian?","NA","chevy Chase can also be unbearably stupid though.","It is so funny though.","Is there anyone who hasn't seen Groundhog Day?"
"3PMR2DOWOOM118Q317Z9ZLKOC3554P","3FSCUW4D3155ZMY8XWDGAF3EBF2SSB","Create Interesting Dialogue","Produce utterances that dive into a topic in different ways","dialog, conversational agents, movies, books,arts,entertainment,fashion,politics,sports","$0.25","Wed May 10 20:34:02 PDT 2017","3","BatchId:2798842;OriginalHitTemplateId:920937336;","3600","1296000","Wed May 17 20:34:02 PDT 2017","","","32N49TQG3H40NBJT61WF46W9210AVA","A3OWGVIP4VYSPV","Approved","Wed May 10 23:47:01 PDT 2017","Wed May 10 23:48:11 PDT 2017","Thu May 25 23:48:11 PDT 2017","Thu May 11 22:09:29 PDT 2017","","","70","100% (22/22)","100% (22/22)","100% (2/2)","I was not impressed with ""Ghostbusters 2.""","What didn't you like about it?","no","I didn't really think there needed to be a sequel but it was still OK.","I liked it but I also really liked the first one.","I wonder if that will be remade in a tragic way the way the first was?"
"3PMR2DOWOOM118Q317Z9ZLKOC3554P","3FSCUW4D3155ZMY8XWDGAF3EBF2SSB","Create Interesting Dialogue","Produce utterances that dive into a topic in different ways","dialog, conversational agents, movies, books,arts,entertainment,fashion,politics,sports","$0.25","Wed May 10 20:34:02 PDT 2017","3","BatchId:2798842;OriginalHitTemplateId:920937336;","3600","1296000","Wed May 17 20:34:02 PDT 2017","","","3IXQG4FA2UK79EBI9ERF7ZRITQR9BB","A2WQWHBN0BF4U7","Approved","Wed May 10 22:52:46 PDT 2017","Wed May 10 22:58:21 PDT 2017","Thu May 25 22:58:21 PDT 2017","Thu May 11 22:09:29 PDT 2017","","","335","100% (8/8)","100% (8/8)","0% (0/0)","I was not impressed with ""Ghostbusters 2.""","me either,i think Ghostbuster 1  was way better than what they did with 2, did you enjoy 1 though?","","i did watched the very same week it was release,and i view my time sitting there watching as a waste.","are you serious?i for one thought ghostbuster 2 was great.","you can't be serious,are you? ghostbuster 2 was a success,even went on to win an academy award you know."
"3PMR2DOWOOM118Q317Z9ZLKOC3554P","3FSCUW4D3155ZMY8XWDGAF3EBF2SSB","Create Interesting Dialogue","Produce utterances that dive into a topic in different ways","dialog, conversational agents, movies, books,arts,entertainment,fashion,politics,sports","$0.25","Wed May 10 20:34:02 PDT 2017","3","BatchId:2798842;OriginalHitTemplateId:920937336;","3600","1296000","Wed May 17 20:34:02 PDT 2017","","","3XLBSAQ9Z5YZDTQ50V9YFL7FP3DZ7J","A34QZDSTKZ3JO9","Approved","Wed May 10 21:02:10 PDT 2017","Wed May 10 21:04:49 PDT 2017","Thu May 25 21:04:49 PDT 2017","Thu May 11 22:09:29 PDT 2017","","","159","100% (206/206)","100% (206/206)","100% (96/96)","I was not impressed with ""Ghostbusters 2.""","What do you think they did wrong when the first one was so good?","none","You are right.  It wasn't as good as the first one at all.","Really?  I thought Ghostbusters 2 was great!","Is there anyone who actually was impressed by it?  They shouldn't have even made the sequel."
"3K3G488TR2T8QDD1Z46M2OLT8VMQ5R","3FSCUW4D3155ZMY8XWDGAF3EBF2SSB","Create Interesting Dialogue","Produce utterances that dive into a topic in different ways","dialog, conversational agents, movies, books,arts,entertainment,fashion,politics,sports","$0.25","Wed May 10 20:34:02 PDT 2017","3","BatchId:2798842;OriginalHitTemplateId:920937336;","3600","1296000","Wed May 17 20:34:02 PDT 2017","","","36PW28KO40IJL0X7BB75428N25AAEF","A1RQMCUA0GNJ43","Approved","Wed May 10 20:45:13 PDT 2017","Wed May 10 20:46:08 PDT 2017","Thu May 25 20:46:08 PDT 2017","Thu May 11 22:09:29 PDT 2017","","","55","100% (5/5)","100% (5/5)","0% (0/0)","I love the way ""Glee"" revisits old hit songs.","of course, tell me more about it!","","i think not","yes they did a splendid job","what are you talking about?"
"3K3G488TR2T8QDD1Z46M2OLT8VMQ5R","3FSCUW4D3155ZMY8XWDGAF3EBF2SSB","Create Interesting Dialogue","Produce utterances that dive into a topic in different ways","dialog, conversational agents, movies, books,arts,entertainment,fashion,politics,sports","$0.25","Wed May 10 20:34:02 PDT 2017","3","BatchId:2798842;OriginalHitTemplateId:920937336;","3600","1296000","Wed May 17 20:34:02 PDT 2017","","","3DR23U6WE60O0WWGHBYMZ7YFQWWET9","A3ND45H7QDAY36","Approved","Thu May 11 07:58:50 PDT 2017","Thu May 11 08:00:42 PDT 2017","Fri May 26 08:00:42 PDT 2017","Thu May 11 22:09:29 PDT 2017","","","112","100% (6/6)","100% (6/6)","0% (0/0)","I love the way ""Glee"" revisits old hit songs.","You know, some of the male characters are really good looking.","NA","The people on ""Glee"" cannot sing.","""Glee"" introduces young audiences to classic  pop music.","Why would anyone want to watch any other kind of show involving music?"
"3K3G488TR2T8QDD1Z46M2OLT8VMQ5R","3FSCUW4D3155ZMY8XWDGAF3EBF2SSB","Create Interesting Dialogue","Produce utterances that dive into a topic in different ways","dialog, conversational agents, movies, books,arts,entertainment,fashion,politics,sports","$0.25","Wed May 10 20:34:02 PDT 2017","3","BatchId:2798842;OriginalHitTemplateId:920937336;","3600","1296000","Wed May 17 20:34:02 PDT 2017","","","3IJXV6UZ1Y5N0MLA95JIK7VPU4YRIA","A5N6QK76RTR7R","Approved","Thu May 11 06:26:25 PDT 2017","Thu May 11 06:55:45 PDT 2017","Fri May 26 06:55:45 PDT 2017","Thu May 11 22:09:29 PDT 2017","","","1760","100% (415/415)","100% (415/415)","100% (56/56)","I love the way ""Glee"" revisits old hit songs.","Who is your favorite character on Glee?","NA","It is a little hokey though due to the whole high school setting thing.","Yes that show has great music.","Is there a Broadway song that Glee hasn't tried?"
"3HEA4ZVWVD7JXRU3FCIJ4DQ2CZ055U","3FSCUW4D3155ZMY8XWDGAF3EBF2SSB","Create Interesting Dialogue","Produce utterances that dive into a topic in different ways","dialog, conversational agents, movies, books,arts,entertainment,fashion,politics,sports","$0.25","Wed May 10 20:34:02 PDT 2017","3","BatchId:2798842;OriginalHitTemplateId:920937336;","3600","1296000","Wed May 17 20:34:02 PDT 2017","","","39GXDJN2OU0M4NQE93C18FQECDL8VP","A2KG59JUICJLP0","Approved","Thu May 11 03:55:25 PDT 2017","Thu May 11 04:17:19 PDT 2017","Fri May 26 04:17:19 PDT 2017","Thu May 11 22:09:29 PDT 2017","","","1314","100% (30/30)","100% (30/30)","0% (0/0)","I STILL think ""Monty Python and the Holy Grail"" is funny.","Which one is that? They made a bunch of different movies, right? Do you like them all?","Not entirely sure if multiple sentences are okay, but I hope so!","Oh come on, that movie is for nerds, losers who live in their mom's basement.","Totally, it's easily one of the top ten funniest movies of all time.","Wait, are there actually people who don't find it funny?"
"3HEA4ZVWVD7JXRU3FCIJ4DQ2CZ055U","3FSCUW4D3155ZMY8XWDGAF3EBF2SSB","Create Interesting Dialogue","Produce utterances that dive into a topic in different ways","dialog, conversational agents, movies, books,arts,entertainment,fashion,politics,sports","$0.25","Wed May 10 20:34:02 PDT 2017","3","BatchId:2798842;OriginalHitTemplateId:920937336;","3600","1296000","Wed May 17 20:34:02 PDT 2017","","","39N5ACM9HF99D8CSSJ9G2JW7AWVP95","A3ND45H7QDAY36","Approved","Thu May 11 08:00:42 PDT 2017","Thu May 11 08:03:08 PDT 2017","Fri May 26 08:03:08 PDT 2017","Thu May 11 22:09:29 PDT 2017","","","146","100% (6/6)","100% (6/6)","0% (0/0)","I STILL think ""Monty Python and the Holy Grail"" is funny.","I agree! My favorite scene is the holy hand granade or the wizard named Tim.","NA","The quality of the filming has not stood up. It's not HD and it really makes a difference.","""Holy Grail"" is a classic and it's jokes are still relevant today.","How can someone not like the Knights of Nee?"
"3HEA4ZVWVD7JXRU3FCIJ4DQ2CZ055U","3FSCUW4D3155ZMY8XWDGAF3EBF2SSB","Create Interesting Dialogue","Produce utterances that dive into a topic in different ways","dialog, conversational agents, movies, books,arts,entertainment,fashion,politics,sports","$0.25","Wed May 10 20:34:02 PDT 2017","3","BatchId:2798842;OriginalHitTemplateId:920937336;","3600","1296000","Wed May 17 20:34:02 PDT 2017","","","3WOKGM4L7229WECEDND8K8QOXN60OO","A5N6QK76RTR7R","Approved","Thu May 11 08:04:56 PDT 2017","Thu May 11 08:23:04 PDT 2017","Fri May 26 08:23:04 PDT 2017","Thu May 11 22:09:29 PDT 2017","","","1088","100% (415/415)","100% (415/415)","100% (56/56)","I STILL think ""Monty Python and the Holy Grail"" is funny.","Are you a big fan of John Cleese?","NA","Some of their skits were pretty obscure due to their addictions I think.","Monty Python is a comedy classic.","Is there anyone who doesn't know what the tardis is?"
"3ZQX1VYFTDQOSJJNIPLLP30KVK5O8J","3FSCUW4D3155ZMY8XWDGAF3EBF2SSB","Create Interesting Dialogue","Produce utterances that dive into a topic in different ways","dialog, conversational agents, movies, books,arts,entertainment,fashion,politics,sports","$0.25","Wed May 10 20:34:02 PDT 2017","3","BatchId:2798842;OriginalHitTemplateId:920937336;","3600","1296000","Wed May 17 20:34:02 PDT 2017","","","39LOEL67OTR2SEOVPT6VPKYVLU5837","A22NOME8P61FM4","Approved","Thu May 11 05:38:58 PDT 2017","Thu May 11 05:41:30 PDT 2017","Fri May 26 05:41:30 PDT 2017","Thu May 11 22:09:29 PDT 2017","","","152","100% (36/36)","100% (36/36)","0% (0/0)","I really enjoyed ""Hidden Figures"" even though some parts of it weren't entirely true.","I enjoy movies but I don't really enjoy being fed false information, what about you?","na","I didn't like how some parts weren't correct.","I too enjoyed ""Hidden Figures"" I loved most of it.","Who doesn't love be propagandized?"
"3ZQX1VYFTDQOSJJNIPLLP30KVK5O8J","3FSCUW4D3155ZMY8XWDGAF3EBF2SSB","Create Interesting Dialogue","Produce utterances that dive into a topic in different ways","dialog, conversational agents, movies, books,arts,entertainment,fashion,politics,sports","$0.25","Wed May 10 20:34:02 PDT 2017","3","BatchId:2798842;OriginalHitTemplateId:920937336;","3600","1296000","Wed May 17 20:34:02 PDT 2017","","","39RP059MEIFMGYUCYNVKCLX2UXGMBM","AA6KOL8Y7E3DL","Approved","Thu May 11 16:32:51 PDT 2017","Thu May 11 16:36:46 PDT 2017","Fri May 26 16:36:46 PDT 2017","Thu May 11 22:09:30 PDT 2017","","","235","100% (7/7)","100% (7/7)","0% (0/0)","I really enjoyed ""Hidden Figures"" even though some parts of it weren't entirely true.","What wasn't true about it? I'm not that familiar with the history or the people involved, where can I learn more about it?","","I wasn't wild about the movie, I thought they misrepresented the history a little too much, and a few of their choices didn't help their point at all.","I liked it too. You have to fudge history a little to make a good movie.","How historically accurate can a film really be? It's hard to get everything right."
"3ZQX1VYFTDQOSJJNIPLLP30KVK5O8J","3FSCUW4D3155ZMY8XWDGAF3EBF2SSB","Create Interesting Dialogue","Produce utterances that dive into a topic in different ways","dialog, conversational agents, movies, books,arts,entertainment,fashion,politics,sports","$0.25","Wed May 10 20:34:02 PDT 2017","3","BatchId:2798842;OriginalHitTemplateId:920937336;","3600","1296000","Wed May 17 20:34:02 PDT 2017","","","3I2PTA7R3UGEUGWYWTFUSX0XROLQKO","A1R3MNDWBBDZ6L","Approved","Thu May 11 11:12:14 PDT 2017","Thu May 11 11:12:54 PDT 2017","Fri May 26 11:12:54 PDT 2017","Thu May 11 22:09:30 PDT 2017","","","40","100% (169/169)","100% (169/169)","100% (44/44)","I really enjoyed ""Hidden Figures"" even though some parts of it weren't entirely true.","What was your favorite character?","no","I didn't like it. The story just dragged for me.","Yeah, I loved it! It was really great!","Who doesn't love a good story?"
"3JVP4ZJHDPDWE83HPQV1CRYG0DV0IE","3FSCUW4D3155ZMY8XWDGAF3EBF2SSB","Create Interesting Dialogue","Produce utterances that dive into a topic in different ways","dialog, conversational agents, movies, books,arts,entertainment,fashion,politics,sports","$0.25","Wed May 10 20:34:02 PDT 2017","3","BatchId:2798842;OriginalHitTemplateId:920937336;","3600","1296000","Wed May 17 20:34:02 PDT 2017","","","320DUZ38G88S67W2BCA6X4WI59BGJC","AU6ZURVHX4KPT","Approved","Thu May 11 00:36:42 PDT 2017","Thu May 11 00:54:32 PDT 2017","Fri May 26 00:54:32 PDT 2017","Thu May 11 22:09:30 PDT 2017","","","1070","100% (5/5)","100% (5/5)","0% (0/0)","Sometimes Dr. Who is scary or a bit confusing, but they are all better than the very old ones. ","Did you like any of the old episodes? I'm sure you have a favorite one that somehow captured your fancy. Do you like it better than any of the modern episodes, or do you think no matter how good an old episode was, it can't compare with even the worst of the new episodes?","No","I don't know about that. Everyone today just wants explosions and sex in their television shows. The old Dr. Who was about the story, not the boobs. I hate shows that are all about sex.","I agree; the way they filmed those old ones made them look like soap operas and the writing of early science fiction was so formulaic that after you'd seen one episode, you'd seen them all. It makes the new versions look so much better.","The show finally started attracting mainstream writers. I wonder when the 'purely science fiction' writers went away and the 'real' writers took over?"
"3JVP4ZJHDPDWE83HPQV1CRYG0DV0IE","3FSCUW4D3155ZMY8XWDGAF3EBF2SSB","Create Interesting Dialogue","Produce utterances that dive into a topic in different ways","dialog, conversational agents, movies, books,arts,entertainment,fashion,politics,sports","$0.25","Wed May 10 20:34:02 PDT 2017","3","BatchId:2798842;OriginalHitTemplateId:920937336;","3600","1296000","Wed May 17 20:34:02 PDT 2017","","","3VP0C6EFSHIGAMDH2WEC15BAFQVM6E","A5N6QK76RTR7R","Approved","Thu May 11 05:28:14 PDT 2017","Thu May 11 05:34:27 PDT 2017","Fri May 26 05:34:27 PDT 2017","Thu May 11 22:09:30 PDT 2017","","","373","100% (415/415)","100% (415/415)","100% (56/56)","Sometimes Dr. Who is scary or a bit confusing, but they are all better than the very old ones. ","Who is your favorite Dr. Who character of all time?","NA","However, i feel that funky British humor can feel a bit dated at times.","Yes it's a pretty witty show.","I mean the British are about the weird and funny aren't they?"
"3JVP4ZJHDPDWE83HPQV1CRYG0DV0IE","3FSCUW4D3155ZMY8XWDGAF3EBF2SSB","Create Interesting Dialogue","Produce utterances that dive into a topic in different ways","dialog, conversational agents, movies, books,arts,entertainment,fashion,politics,sports","$0.25","Wed May 10 20:34:02 PDT 2017","3","BatchId:2798842;OriginalHitTemplateId:920937336;","3600","1296000","Wed May 17 20:34:02 PDT 2017","","","3ZR9AIQJUCV5SL2WU3YZ6AKJGVU040","A8RDXT4ZILHQT","Approved","Thu May 11 00:09:36 PDT 2017","Thu May 11 00:11:49 PDT 2017","Fri May 26 00:11:49 PDT 2017","Thu May 11 22:09:30 PDT 2017","","","133","100% (19/19)","100% (19/19)","100% (4/4)","Sometimes Dr. Who is scary or a bit confusing, but they are all better than the very old ones. ","Wait, what's Dr. Who? I keep hearing about it all the time but I've never seen it. It sounds incredibly nice.","","I couldn't stand some of the earlier writing. Just so turgid.","I love the innovativeness of it. It's always something new.","Are you into all sci-fi regardless?"
"32LAQ1JNT9A238V8H98PF5OWRJEUTR","3FSCUW4D3155ZMY8XWDGAF3EBF2SSB","Create Interesting Dialogue","Produce utterances that dive into a topic in different ways","dialog, conversational agents, movies, books,arts,entertainment,fashion,politics,sports","$0.25","Wed May 10 20:34:02 PDT 2017","3","BatchId:2798842;OriginalHitTemplateId:920937336;","3600","1296000","Wed May 17 20:34:02 PDT 2017","","","34PGFRQONPXO3TM2QHEOJ7I6043WJ8","A2AWBDW9V1E9KT","Approved","Thu May 11 16:32:46 PDT 2017","Thu May 11 17:15:46 PDT 2017","Fri May 26 17:15:46 PDT 2017","Thu May 11 22:09:30 PDT 2017","","","2580","100% (100/100)","100% (100/100)","0% (0/0)","I just could not get into ""Lost.""","I'm actually thinking of calling JJ Abrams and telling him my opinion. I have his phone number, but I think I only have one shot at it. What should I say to him?","NA.","I hated Lost.  There weren't enough answers, and it was all so pretentious.","I don't understand why.  Lost is a very compelling show if you give it a chance.","Did anyone actually understand the ending? Did the producers?"
"32LAQ1JNT9A238V8H98PF5OWRJEUTR","3FSCUW4D3155ZMY8XWDGAF3EBF2SSB","Create Interesting Dialogue","Produce utterances that dive into a topic in different ways","dialog, conversational agents, movies, books,arts,entertainment,fashion,politics,sports","$0.25","Wed May 10 20:34:02 PDT 2017","3","BatchId:2798842;OriginalHitTemplateId:920937336;","3600","1296000","Wed May 17 20:34:02 PDT 2017","","","3I0BTBYZAY7LQSGGJAM6MZOQBXHY09","A1R3MNDWBBDZ6L","Approved","Thu May 11 08:49:45 PDT 2017","Thu May 11 08:53:12 PDT 2017","Fri May 26 08:53:12 PDT 2017","Thu May 11 22:09:31 PDT 2017","","","207","100% (169/169)","100% (169/169)","100% (44/44)","I just could not get into ""Lost.""","Yeah? Why couldn't you?","no","Yeah, me either. It was so confusing and frustrating.","I loved Lost! It was a great mystery series.","Who could follow a show like that?"
"32LAQ1JNT9A238V8H98PF5OWRJEUTR","3FSCUW4D3155ZMY8XWDGAF3EBF2SSB","Create Interesting Dialogue","Produce utterances that dive into a topic in different ways","dialog, conversational agents, movies, books,arts,entertainment,fashion,politics,sports","$0.25","Wed May 10 20:34:02 PDT 2017","3","BatchId:2798842;OriginalHitTemplateId:920937336;","3600","1296000","Wed May 17 20:34:02 PDT 2017","","","3Z7VU45IPZ3L27B3BFSPEBG2MIPZ10","A5N6QK76RTR7R","Approved","Thu May 11 04:37:34 PDT 2017","Thu May 11 04:40:03 PDT 2017","Fri May 26 04:40:03 PDT 2017","Thu May 11 22:09:30 PDT 2017","","","149","100% (415/415)","100% (415/415)","100% (56/56)","I just could not get into ""Lost.""","What do you think would be really a great idea for a show that got people moving in a more socially conscious direction?","NA","But on the whole I didn't like it because it just seemed like a lot of trumped up drama, if you know what I mean.","I still think it was an interesting concept for a show.","Don't you think reality TV has become somewhat ridiculous these days?"
"3LXX8KJXPWUO6O2XNHRZPZVVFQNO98","3FSCUW4D3155ZMY8XWDGAF3EBF2SSB","Create Interesting Dialogue","Produce utterances that dive into a topic in different ways","dialog, conversational agents, movies, books,arts,entertainment,fashion,politics,sports","$0.25","Wed May 10 20:34:02 PDT 2017","3","BatchId:2798842;OriginalHitTemplateId:920937336;","3600","1296000","Wed May 17 20:34:02 PDT 2017","","","354GIDR5ZCSOTXKVB2BXU7U6ZJE00K","A2WQWHBN0BF4U7","Approved","Thu May 11 00:06:29 PDT 2017","Thu May 11 00:15:59 PDT 2017","Fri May 26 00:15:59 PDT 2017","Thu May 11 22:09:31 PDT 2017","","","570","100% (8/8)","100% (8/8)","0% (0/0)","Sometimes Star Trek is less than stellar, but I still like it overall.","i and James were discussing about this last week,i thought as much but what's your take on the latest star trek?","","you even watch star trek,lol i am not a fan,haven't seen any star trek movies and am not even bordered.","i have watched all star trek movies, but to be honest i thought same about them sometimes less than stellar.","did i hear you say less than stellar? lol come on Danny all star trek had been awesome overall."
"3LXX8KJXPWUO6O2XNHRZPZVVFQNO98","3FSCUW4D3155ZMY8XWDGAF3EBF2SSB","Create Interesting Dialogue","Produce utterances that dive into a topic in different ways","dialog, conversational agents, movies, books,arts,entertainment,fashion,politics,sports","$0.25","Wed May 10 20:34:02 PDT 2017","3","BatchId:2798842;OriginalHitTemplateId:920937336;","3600","1296000","Wed May 17 20:34:02 PDT 2017","","","3A7Y0R2P2PA3STRS0MAALQWD806JX8","A2UG4UPA15AGH6","Approved","Thu May 11 06:16:04 PDT 2017","Thu May 11 06:18:35 PDT 2017","Fri May 26 06:18:35 PDT 2017","Thu May 11 22:09:31 PDT 2017","","","151","100% (5/5)","100% (5/5)","0% (0/0)","Sometimes Star Trek is less than stellar, but I still like it overall.","Yeah! For sure! have you seen any of the newer movies that have come out?","NA","I think it's well below standard, it has cheesy plot lines and contradictory story lines.","Star trek sure is popular and well liked, they have whole conventions devoted to the show.","I mean, Do dead men snore?"
"3LXX8KJXPWUO6O2XNHRZPZVVFQNO98","3FSCUW4D3155ZMY8XWDGAF3EBF2SSB","Create Interesting Dialogue","Produce utterances that dive into a topic in different ways","dialog, conversational agents, movies, books,arts,entertainment,fashion,politics,sports","$0.25","Wed May 10 20:34:02 PDT 2017","3","BatchId:2798842;OriginalHitTemplateId:920937336;","3600","1296000","Wed May 17 20:34:02 PDT 2017","","","3IUZPWIU1PTJEDSK82E0KMIJEOTWKM","A5N6QK76RTR7R","Approved","Thu May 11 09:04:25 PDT 2017","Thu May 11 09:40:43 PDT 2017","Fri May 26 09:40:43 PDT 2017","Thu May 11 22:09:31 PDT 2017","","","2178","100% (415/415)","100% (415/415)","100% (56/56)","Sometimes Star Trek is less than stellar, but I still like it overall.","What did you think of the last remake?","NA","The newer version though loses the flavor of the older ones in my opinion.","I totally agree it's a classic.","Is there anyone who isn't in love with Captain Kirk?"
"3TFJJUELSHACXFKVC33TKCT0K6V2CY","3FSCUW4D3155ZMY8XWDGAF3EBF2SSB","Create Interesting Dialogue","Produce utterances that dive into a topic in different ways","dialog, conversational agents, movies, books,arts,entertainment,fashion,politics,sports","$0.25","Wed May 10 20:34:02 PDT 2017","3","BatchId:2798842;OriginalHitTemplateId:920937336;","3600","1296000","Wed May 17 20:34:02 PDT 2017","","","31JLPPHS2VG5D6BBWAVRM6OV14X3O4","AMYURTQIMAC8T","Approved","Thu May 11 15:09:26 PDT 2017","Thu May 11 15:29:32 PDT 2017","Fri May 26 15:29:32 PDT 2017","Thu May 11 22:09:31 PDT 2017","","","1206","100% (9/9)","100% (9/9)","0% (0/0)","""The Wizard of Oz"" and ""Gone with the Wind"" were amazing at the time in part because of the color cinematography.","What do you like about these movies the best. The idea that they end on such a positive note all the time? I kind of like that too. Tell me why you like the endings?","none","I think these type of movies are overrated because they are old. Don't you think that is the reason they are so popular?","I love movies like this. They are amazing. I wish I could see more like this in these days.","What do you think is the better movie? Its not cliche to ask if its Gone with the Wind or Wizard of Oz at all."
"3TFJJUELSHACXFKVC33TKCT0K6V2CY","3FSCUW4D3155ZMY8XWDGAF3EBF2SSB","Create Interesting Dialogue","Produce utterances that dive into a topic in different ways","dialog, conversational agents, movies, books,arts,entertainment,fashion,politics,sports","$0.25","Wed May 10 20:34:02 PDT 2017","3","BatchId:2798842;OriginalHitTemplateId:920937336;","3600","1296000","Wed May 17 20:34:02 PDT 2017","","","323Q6SJS8J2Q115HCS1336GRR4IFHM","A1R3MNDWBBDZ6L","Approved","Thu May 11 09:46:39 PDT 2017","Thu May 11 09:47:36 PDT 2017","Fri May 26 09:47:36 PDT 2017","Thu May 11 22:09:31 PDT 2017","","","57","100% (169/169)","100% (169/169)","100% (44/44)","""The Wizard of Oz"" and ""Gone with the Wind"" were amazing at the time in part because of the color cinematography.","Yeah. What else did these films revolutionize about the industry?","no","I don't think they look very good by today's standards, of course.","I agree, the color film was a game-changer at the time.","Who wasn't blown away by these movies?"
"3TFJJUELSHACXFKVC33TKCT0K6V2CY","3FSCUW4D3155ZMY8XWDGAF3EBF2SSB","Create Interesting Dialogue","Produce utterances that dive into a topic in different ways","dialog, conversational agents, movies, books,arts,entertainment,fashion,politics,sports","$0.25","Wed May 10 20:34:02 PDT 2017","3","BatchId:2798842;OriginalHitTemplateId:920937336;","3600","1296000","Wed May 17 20:34:02 PDT 2017","","","39LNWE0K4VIFGEDRDZENPII9119IU8","A34QZDSTKZ3JO9","Approved","Wed May 10 20:55:29 PDT 2017","Wed May 10 21:00:04 PDT 2017","Thu May 25 21:00:04 PDT 2017","Thu May 11 22:09:31 PDT 2017","","","275","100% (206/206)","100% (206/206)","100% (96/96)","""The Wizard of Oz"" and ""Gone with the Wind"" were amazing at the time in part because of the color cinematography.","What do you think made ""Gone with the Wind"" seem authentic?","","I really can't stand watching ""The Wizard of Oz.""  It was good when I was a kid, but I grew out of it.","I love ""The Wizard of Oz!""  There aren't many other movies that have the same longivity.","Who can honestly say they don't know who Dorothy or the Tin Man is?  These movies are memorable for a reason!"
"3VIVIU06FKXTHMAOEVIZAO5T3GVIM6","3FSCUW4D3155ZMY8XWDGAF3EBF2SSB","Create Interesting Dialogue","Produce utterances that dive into a topic in different ways","dialog, conversational agents, movies, books,arts,entertainment,fashion,politics,sports","$0.25","Wed May 10 20:34:02 PDT 2017","3","BatchId:2798842;OriginalHitTemplateId:920937336;","3600","1296000","Wed May 17 20:34:02 PDT 2017","","","32XVDSJFP0JSSLUGFU29BSUY0N1M2A","A1R3MNDWBBDZ6L","Approved","Thu May 11 11:07:26 PDT 2017","Thu May 11 11:08:23 PDT 2017","Fri May 26 11:08:23 PDT 2017","Thu May 11 22:09:31 PDT 2017","","","57","100% (169/169)","100% (169/169)","100% (44/44)","I still like ""The Big Bang Theory"" even though it makes fun of educated people and southerners.","What's your favorite character?","no","Nah, that show's not for me. Its comedy really falls flat.","Me too! It's such a smart show.","Who doesn't love a good comedy?"
"3VIVIU06FKXTHMAOEVIZAO5T3GVIM6","3FSCUW4D3155ZMY8XWDGAF3EBF2SSB","Create Interesting Dialogue","Produce utterances that dive into a topic in different ways","dialog, conversational agents, movies, books,arts,entertainment,fashion,politics,sports","$0.25","Wed May 10 20:34:02 PDT 2017","3","BatchId:2798842;OriginalHitTemplateId:920937336;","3600","1296000","Wed May 17 20:34:02 PDT 2017","","","3F1567XTNXRUDKD7SWO52OMHGY8Q91","A157L6Z8QU3SDE","Approved","Thu May 11 16:22:57 PDT 2017","Thu May 11 16:31:20 PDT 2017","Fri May 26 16:31:20 PDT 2017","Thu May 11 22:09:31 PDT 2017","","","503","100% (1/1)","100% (1/1)","0% (0/0)","I still like ""The Big Bang Theory"" even though it makes fun of educated people and southerners.","Who is your favorite character? Why? Whats your favorite episode? Have you the one where that guy went to space?","None","I can't stand watching it anymore.  The jokes became very dated and all the hype over the show was a turn off.","I like ""The Big Bang Theory"" too. I watch it whenever I see it on, it always has me laughing.","How could anybody not enjoy ""The Big Bang Theory?"""
"3VIVIU06FKXTHMAOEVIZAO5T3GVIM6","3FSCUW4D3155ZMY8XWDGAF3EBF2SSB","Create Interesting Dialogue","Produce utterances that dive into a topic in different ways","dialog, conversational agents, movies, books,arts,entertainment,fashion,politics,sports","$0.25","Wed May 10 20:34:02 PDT 2017","3","BatchId:2798842;OriginalHitTemplateId:920937336;","3600","1296000","Wed May 17 20:34:02 PDT 2017","","","3Z7EFSHGNA0GKFLMQUTOYMJIIGQXC1","A5N6QK76RTR7R","Approved","Thu May 11 05:30:05 PDT 2017","Thu May 11 05:59:59 PDT 2017","Fri May 26 05:59:59 PDT 2017","Thu May 11 22:09:31 PDT 2017","","","1794","100% (415/415)","100% (415/415)","100% (56/56)","I still like ""The Big Bang Theory"" even though it makes fun of educated people and southerners.","Do you like Mad Men?","NA","I think now most people don't watch it anymore because it no longer seems that novel.","Yeah I know it's a really clever show.","I mean how many more retro shows can tv land put out there and still feel fresh?"
"35NNO802AVHZZ4VOQWXZN3UT865IN6","3FSCUW4D3155ZMY8XWDGAF3EBF2SSB","Create Interesting Dialogue","Produce utterances that dive into a topic in different ways","dialog, conversational agents, movies, books,arts,entertainment,fashion,politics,sports","$0.25","Wed May 10 20:34:02 PDT 2017","3","BatchId:2798842;OriginalHitTemplateId:920937336;","3600","1296000","Wed May 17 20:34:02 PDT 2017","","","31LM9EDVOMEYGZDOYGN1NO5F6MQJNI","A22NOME8P61FM4","Approved","Thu May 11 05:40:24 PDT 2017","Thu May 11 06:29:51 PDT 2017","Fri May 26 06:29:51 PDT 2017","Thu May 11 22:09:31 PDT 2017","","","2967","100% (36/36)","100% (36/36)","0% (0/0)","I love the shower scene in ""Elf."" They sing so well together.","What is your favorite part about Christmas in general?","na","I hate the movie Elf and everything about Christmas.","I love Elf and I love Christmas.","Who doesn't love Christmas?!"
"35NNO802AVHZZ4VOQWXZN3UT865IN6","3FSCUW4D3155ZMY8XWDGAF3EBF2SSB","Create Interesting Dialogue","Produce utterances that dive into a topic in different ways","dialog, conversational agents, movies, books,arts,entertainment,fashion,politics,sports","$0.25","Wed May 10 20:34:02 PDT 2017","3","BatchId:2798842;OriginalHitTemplateId:920937336;","3600","1296000","Wed May 17 20:34:02 PDT 2017","","","3A4NIXBJ77LYT7GOP0KEQOT75KSLMR","AU6ZURVHX4KPT","Approved","Thu May 11 00:36:33 PDT 2017","Thu May 11 00:43:32 PDT 2017","Fri May 26 00:43:32 PDT 2017","Thu May 11 22:09:31 PDT 2017","","","419","100% (5/5)","100% (5/5)","0% (0/0)","I love the shower scene in ""Elf."" They sing so well together.","Are you sure you only like that scene for the singing? Zooey looks pretty good there and there is the implication that she's nude. Do you think it was more of a schoolboy fantasy of being in the girl's locker room that made you like it?","No","I didn't like it so much. It's too much titillation for a kid's movie. There's no reason to make kids see a girl in the shower and a boy in the girl's locker room. It puts bad thoughts in their heads.","I know, that is one of the BEST shower scenes in the history of movies because it was part of the plot and it wasn't about nudity.","It really seemed like they were a little out of synch to me. I wonder if they shot that whole scene together or if they did her singing in the shower as a separate shooting and his  singing while sitting on the sink as another shooting?"
"35NNO802AVHZZ4VOQWXZN3UT865IN6","3FSCUW4D3155ZMY8XWDGAF3EBF2SSB","Create Interesting Dialogue","Produce utterances that dive into a topic in different ways","dialog, conversational agents, movies, books,arts,entertainment,fashion,politics,sports","$0.25","Wed May 10 20:34:02 PDT 2017","3","BatchId:2798842;OriginalHitTemplateId:920937336;","3600","1296000","Wed May 17 20:34:02 PDT 2017","","","3JJVG1YBECJO8R966OEYVJMG7UXB5B","A34QZDSTKZ3JO9","Approved","Wed May 10 21:04:49 PDT 2017","Wed May 10 21:06:34 PDT 2017","Thu May 25 21:06:34 PDT 2017","Thu May 11 22:09:32 PDT 2017","","","105","100% (206/206)","100% (206/206)","100% (96/96)","I love the shower scene in ""Elf."" They sing so well together.","I liked it too.  Did they include that on the soundtrack?","none","I really didn't care for the movie at all.  I actually don't even remember that scene.","The shower scene was great.  I do love the whole movie though.","Who doesn't love that scene?  It was one of the best in the movie!"
"3I01FDIL6MTM27Q9CZY44IBI5672DY","3FSCUW4D3155ZMY8XWDGAF3EBF2SSB","Create Interesting Dialogue","Produce utterances that dive into a topic in different ways","dialog, conversational agents, movies, books,arts,entertainment,fashion,politics,sports","$0.25","Wed May 10 20:34:02 PDT 2017","3","BatchId:2798842;OriginalHitTemplateId:920937336;","3600","1296000","Wed May 17 20:34:02 PDT 2017","","","3LJ7UR74RIZ8DHU3V90XHMGWPVO4ND","A2RQCG4Q0PP4DZ","Approved","Thu May 11 18:14:42 PDT 2017","Thu May 11 18:17:03 PDT 2017","Fri May 26 18:17:03 PDT 2017","Thu May 11 22:09:31 PDT 2017","","","141","100% (10/10)","100% (10/10)","0% (0/0)","I got scared when I saw ""Rosemary's Baby.""","What did you find most scary about the movie?  What was your favorite scary part?","NA","Really?  I didn't think it was scary at all.  I found most of it humorous and boring.","I agree Rosemary's baby was so creepy.  I was on the edge of my seat the whole time I watched it.","Don't you get scared watching most movies?  I do."
"3I01FDIL6MTM27Q9CZY44IBI5672DY","3FSCUW4D3155ZMY8XWDGAF3EBF2SSB","Create Interesting Dialogue","Produce utterances that dive into a topic in different ways","dialog, conversational agents, movies, books,arts,entertainment,fashion,politics,sports","$0.25","Wed May 10 20:34:02 PDT 2017","3","BatchId:2798842;OriginalHitTemplateId:920937336;","3600","1296000","Wed May 17 20:34:02 PDT 2017","","","3RJSC4XJ11GNO46W88H9B2QXGT650V","A34QZDSTKZ3JO9","Approved","Thu May 11 09:54:56 PDT 2017","Thu May 11 09:55:54 PDT 2017","Fri May 26 09:55:54 PDT 2017","Thu May 11 22:09:32 PDT 2017","","","58","100% (206/206)","100% (206/206)","100% (96/96)","I got scared when I saw ""Rosemary's Baby.""","What was the scariest part of the movie for you?","none","I hated that movie.  It was really overrated.","I loved ""Rosemary's Baby"".  It's a classic horror film.","Who wasn't scared by that movie?"
"3I01FDIL6MTM27Q9CZY44IBI5672DY","3FSCUW4D3155ZMY8XWDGAF3EBF2SSB","Create Interesting Dialogue","Produce utterances that dive into a topic in different ways","dialog, conversational agents, movies, books,arts,entertainment,fashion,politics,sports","$0.25","Wed May 10 20:34:02 PDT 2017","3","BatchId:2798842;OriginalHitTemplateId:920937336;","3600","1296000","Wed May 17 20:34:02 PDT 2017","","","3ZV9H2YQQETDIFKDNWM1301H31OW3Q","A1R3MNDWBBDZ6L","Approved","Thu May 11 08:05:20 PDT 2017","Thu May 11 08:06:26 PDT 2017","Fri May 26 08:06:26 PDT 2017","Thu May 11 22:09:32 PDT 2017","","","66","100% (169/169)","100% (169/169)","100% (44/44)","I got scared when I saw ""Rosemary's Baby.""","I haven't seen it. Without spoiling anything, can you give me a synopsis?","no","Meh, I wasn't scared. The effects were cheap and fake-looking.","I did too! It was such an effective scary movie!","Who could've dreamed up such a frightening story?"